year,source,positive_count,negative_count,total_feedback,positive_ratio,negative_ratio,metric
2012,Reddit,2.0,0,2.0,1.0,0.0,non-complaint feedback proxy vs complaint feedback
2014,Reddit,6.0,0,6.0,1.0,0.0,non-complaint feedback proxy vs complaint feedback
2014,Trustpilot + Google Play,0.0,2,2.0,0.0,1.0,4-5 stars vs 1-3 stars
2015,Reddit,22.0,0,22.0,1.0,0.0,non-complaint feedback proxy vs complaint feedback
2015,Trustpilot + Google Play,2.0,4,6.0,0.333,0.667,4-5 stars vs 1-3 stars
2016,Reddit,5.0,0,5.0,1.0,0.0,non-complaint feedback proxy vs complaint feedback
2016,Trustpilot + Google Play,0.0,2,2.0,0.0,1.0,4-5 stars vs 1-3 stars
2017,Reddit,16.0,3,19.0,0.842,0.158,non-complaint feedback proxy vs complaint feedback
2018,Reddit,37.0,10,47.0,0.787,0.213,non-complaint feedback proxy vs complaint feedback
2018,Trustpilot + Google Play,4.0,7,11.0,0.364,0.636,4-5 stars vs 1-3 stars
2019,Reddit,95.0,24,119.0,0.798,0.202,non-complaint feedback proxy vs complaint feedback
2019,Trustpilot + Google Play,2.0,4,6.0,0.333,0.667,4-5 stars vs 1-3 stars
2020,Reddit,94.0,12,106.0,0.887,0.113,non-complaint feedback proxy vs complaint feedback
2020,Trustpilot + Google Play,0.0,7,7.0,0.0,1.0,4-5 stars vs 1-3 stars
2021,Google News,-1.0,1,0.0,,,non-complaint coverage proxy vs complaint coverage
2021,Reddit,175.0,7,182.0,0.962,0.038,non-complaint feedback proxy vs complaint feedback
2021,Trustpilot + Google Play,0.0,11,11.0,0.0,1.0,4-5 stars vs 1-3 stars
2022,Google News,-3.0,3,0.0,,,non-complaint coverage proxy vs complaint coverage
2022,Reddit,560.0,46,606.0,0.924,0.076,non-complaint feedback proxy vs complaint feedback
2022,Trustpilot + Google Play,4.0,5,9.0,0.444,0.556,4-5 stars vs 1-3 stars
2023,Reddit,688.0,73,761.0,0.904,0.096,non-complaint feedback proxy vs complaint feedback
2023,Trustpilot + Google Play,100102.0,23270,123372.0,0.811,0.189,4-5 stars vs 1-3 stars
2024,Google News,-17.0,17,0.0,,,non-complaint coverage proxy vs complaint coverage
2024,Reddit,1075.0,117,1192.0,0.902,0.098,non-complaint feedback proxy vs complaint feedback
2024,Trustpilot + Google Play,236299.0,53184,289483.0,0.816,0.184,4-5 stars vs 1-3 stars
2025,Google News,-38.0,38,0.0,,,non-complaint coverage proxy vs complaint coverage
2025,Reddit,1101.0,84,1185.0,0.929,0.071,non-complaint feedback proxy vs complaint feedback
2025,Trustpilot + Google Play,232587.0,45237,277824.0,0.837,0.163,4-5 stars vs 1-3 stars
2026,Google News,109.0,27,136.0,0.8009999999999999,0.199,non-complaint coverage proxy vs complaint coverage
2026,Reddit,445.0,64,509.0,0.874,0.126,non-complaint feedback proxy vs complaint feedback
2026,Trustpilot + Google Play,169043.0,40515,209558.0,0.807,0.193,4-5 stars vs 1-3 stars
